,name,age,country,gender,income,Tax,new_income,new_20,id
0,John Doe,29.0,US,M,55000.0,10%,60500.00000000001,66000.0,1
2,Jane Smith,29.0,Canada,F,62000.0,20%,68200.0,74400.0,2
3,Alex,29.0,US,U,47000.0,10%,51700.00000000001,56400.0,3
4,Maria Garcia,34.0,Spain,F,57600.0,10%,63360.0,69120.0,4
5,Li Wei,27.0,China,M,51000.0,10%,56100.00000000001,61200.0,5
8,Rachel Lee,29.0,US,F,62000.0,20%,68200.0,74400.0,8
9,Carlos Ruiz,29.0,Mexico,M,45000.0,10%,49500.00000000001,54000.0,9
10,Emily Davis,31.0,US,U,58000.0,10%,63800.00000000001,69600.0,10
